Motif,Name
AACGTT,AclI
AAGCTT,HindIII
AATATT,SspI
AATT,MluCI
ACATGT,PciI
ACCGGT,AgeI
ACCTGC,BspMI
ACCTGC,BfuAI
ACCWGGT,SexAI
ACGCGT,MluI
ACGGC,BceAI
ACGT,HpyCH4IV
ACNGT,HpyCH4III
ACNNNNGTAYC,BaeI
ACNNNNNCTCC,BsaXI
ACRYGT,AflIII
ACTAGT,SpeI
ACTGG,BsrI
ACTGGG,BmrI
AGATCT,BglII
AGCGCT,AfeI
AGCT,AluI
AGGCCT,StuI
AGTACT,ScaI
ATCGAT,BspDI
ATCGAT,ClaI
ATCTATGTCGGGTGCGGAGAAAGAGGTAAT,SceI
ATGCAT,NsiI
ATTAAT,AseI
ATTTAAAT,SwaI
CAANNNNNGTGG,CspCI
CAATTG,MfeI
CACGAG,BssSI
CACGTC,BmgBI
CACGTG,PmlI
CACNNNGTG,DraIII
CACNNNNGTG,AleI
CAGCAG,EcoP15I
CAGCTG,PvuII
CAGNNNCTG,AlwNI
CAGTG,BtsIMutI
CATATG,NdeI
CATG,NlaIII
CATG,FatI
CATG,CviAII
CAYNNNNRTG,MslI
CC,FspEI
CCANNNNNNNNNTGG,XcmI
CCANNNNNNTGG,BstXI
CCANNNNNTGG,PflMI
CCATC,BccI
CCATGG,NcoI
CCCAGC,BseYI
CCCGC,FauI
CCCGGG,TspMI
CCCGGG,XmaI
CCCGGG,SmaI
CCD,CviPII
CCDG,LpnPI
CCGC,AciI
CCGCGG,SacII
CCGCTC,BsrBI
CCGG,HpaII
CCGG,MspI
CCNGG,StyD4I
CCNGG,ScrFI
CCNNGG,BsaJI
CCNNNNNNNGG,BslI
CCRYGG,BtgI
CCSGG,NciI
CCTAGG,AvrII
CCTC,MnlI
CCTCAGC,BbvCI
CCTCAGC,BbvCI
CCTCAGC,BbvCI
CCTGCAGG,SbfI
CCTNAGC,Bpu10I
CCTNAGG,Bsu36I
CCTNNNNNAGG,EcoNI
CCTTC,HpyAV
CCWGG,BstNI
CCWGG,PspGI
CCWWGG,StyI
CGANNNNNNTGC,BcgI
CGATCG,PvuI
CGCG,BstUI
CGGCCG,EagI
CGGWCCG,RsrII
CGRYCG,BsiEI
CGTACG,BsiWI
CGTCTC,BsmBI
CGTCTC,Esp31
CGTCTC,BsmBIv2
CGWCG,Hpy99I
CMGCKG,MspA1I
CNNNNNNNNNNNNNNNNNNNNG,AbaSI
CNNR,MspJI
CRCCGGYG,SgrAI
CTAG,BfaI
CTCAG,BspCNI
CTCGAG,PaeR7I
CTCGAG,XhoI
CTCTTC,EarI
CTGAAG,AcuI
CTGCAG,PstI
CTGGAG,BpmI
CTNAG,DdeI
CTRYAG,SfcI
CTTAAG,AflII
CTTGAG,BpuEI
CTYRAG,SmlI
CYCGRG,BsoBI
CYCGRG,AvaI
GAAGA,MboII
GAAGAC,BbsI
GAANNNNTTC,XmnI
GAATGC,BsmI
GAATGC,BsmI
GAATTC,EcoRI
GACGC,HgaI
GACGTC,AatII
GACGTC,ZraI
GACNNNGTC,PflFI
GACNNNGTC,Tth111I
GACNNNNGTC,PshAI
GACNNNNNGTC,AhdI
GACNNNNNNGTC,DrdI
GAGCTC,SacI
GAGCTC,Eco53kI
GAGGAG,BseRI
GAGTC,MlyI
GAGTC,BstNBI
GAGTC,PleI
GANTC,HinfI
GATATC,EcoRV
GATC,MboI
GATC,Sau3AI
GATC,DpnII
GATC,DpnI
GATNNNNATC,BsaBI
GAWTC,TfiI
GCAATG,BsrDI
GCAATG,BsrDI
GCAGC,BbvI
GCAGTG,BtsI
GCAGTG,BtsI
GCANNNNNTGC,BstAPI
GCATC,SfaNI
GCATGC,SphI
GCCCGGGC,SrfI
GCCGAG,NmeAIII
GCCGGC,NgoMIV
GCCGGC,NaeI
GCCNNNNNGGC,BglI
GCGATCGC,AsiSI
GCGATG,BtgZI
GCGC,HinP1I
GCGC,HhaI
GCGCGC,BssHII
GCGGCCGC,NotI
GCNGC,Fnu4HI
GCNNGC,Cac8I
GCNNNNNNNGC,MwoI
GCTAGC,NheI
GCTAGC,BmtI
GCTCTTC,BspQI
GCTCTTC,BspQI
GCTCTTC,SapI
GCTNAGC,BlpI
GCWGC,ApeKI
GCWGC,TseI
GDGCHC,Bsp1286I
GGATC,AlwI
GGATC,AlwI
GGATCC,BamHI
GGATG,BtsCI
GGATG,FokI
GGCC,HaeIII
GGCCGGCC,FseI
GGCCNNNNNGGCC,SfiI
GGCGCC,NarI
GGCGCC,SfoI
GGCGCC,KasI
GGCGCC,PluTI
GGCGCGCC,AscI
GGCGGA,EciI
GGGAC,BsmFI
GGGCCC,PspOMI
GGGCCC,ApaI
GGNCC,Sau96I
GGNNCC,NlaIV
GGTACC,KpnI
GGTACC,Acc65I
GGTCTC,BsaI
GGTGA,HphI
GGTNACC,BstEII
GGWCC,AvaII
GGYRCC,BanI
GKGCMC,BaeGI
GRCGYC,BsaHI
GRGCYC,BanII
GTAC,RsaI
GTAC,CviQI
GTATAC,BstZ17I
GTATCC,BciVI
GTCGAC,SalI
GTCTC,BsmAI
GTCTC,BcoDI
GTCTC,BsmAI
GTGCAC,ApaLI
GTGCAG,BsgI
GTMKAC,AccI
GTNNAC,Hpy166II
GTSAC,Tsp45I
GTTAAC,HpaI
GTTTAAAC,PmeI
GTYRAC,HincII
GWGCWC,BsiHKAI
NNCASTGNN,TspRI
RAATTY,ApoI
RCATGY,NspI
RCCGGY,BsrFI
RGATCY,BstYI
RGCGCY,HaeII
RGCY,CviKI
RGGNCCY,EcoO109I
RGGWCCY,PpuMI
TACGTA,SnaBI
TAGGGATAACAGGGTAAT,SceI
TCATGA,BspHI
TCCGGA,BspEI
TCCRAC,MmeI
TCGA,TaqI
TCGCGA,NruI NruI
TCNGA,Hpy188I
TCNNGA,Hpy188III
TCTAGA,XbaI
TGATCA,BclI
TGCA,HpyCH4V
TGCGCA,FspI
TGGCAAACAGCTATTATGGGTATTATGGGT,PspI
TGGCCA,MscI
TGTACA,BsrGI
TTAA,MseI
TTAATTAA,PacI
TTATAA,PsiI
TTCGAA,BstBI
TTTAAA,DraI
VCTCGAGB,PspXI
WCCGGW,BsaWI
YACGTR,BsaAI
YGGCCR,EaeI
RTGCGCAY,FspAI
